,0
0,NKTX
1,NWN
2,NKLA
3,NLOP
4,QRTEB
5,OFG
6,NMFC
7,NHTC
8,PKG
9,PGR
10,PKE
11,RCUS
12,RC
13,REG
14,RDDT
15,PK
16,QUAD
17,PFX
18,PI
19,PJT
20,PII
21,PLL
22,PFE
23,OPTN
24,OCFT
25,PHG
26,PHM
27,PDD
28,PHUN
29,NVNO
30,NVMI
31,PG
32,PKX
33,ORC
34,ORCL
35,ON
36,NRG
37,OII
38,NRGV
39,NRIX
40,PGRE
41,PLMR
42,PEPG
43,PERI
44,PLOW
45,PEP
46,PKST
47,PLD
48,PLRX
49,PLAB
50,NUS
51,NUVL
52,PFSI
53,PEG
54,NOVT
55,OPI
56,NSA
57,NOW
58,NSIT
59,ONL
60,ONON
61,NX
62,OSPN
63,OMAB
64,OMCL
65,ORGN
66,OC
67,ODP
68,ODD
69,NWS
70,NRP
71,PDI
72,PMTS
73,PHAT
74,ORKA
75,OXY
76,OCSL
77,ONTF
78,NXRT
79,OLPX
80,NVEE
81,ONTO
82,NVEC
83,NVGS
84,OOMA
85,OPEN
86,OPCH
87,NXST
88,NTCT
89,PH
90,PLCE
91,NPWR
92,OMC
93,OFIX
94,NVG
95,OS
96,PINC
97,PHR
98,PML
99,PLSE
100,OCUL
101,NRDS
102,NTRS
103,NTR
104,NWBI
105,NLY
106,NPO
107,NRDY
108,NI
109,NTES
110,ODFL
111,OI
112,OPRX
113,OPRA
114,OKE
115,OKLO
116,OCFC
117,ONIT
118,OPK
119,OLO
120,OMI
121,OKTA
122,NICE
123,NWTN
124,TJX
125,SLQT
126,STKL
127,ST
128,SKIN
129,STIM
130,SOUN
131,SNCY
132,SUN
133,SNN
134,SLAB
135,SPB
136,SKLZ
137,SIGA
138,SOBO
139,SOC
140,SMWB
141,SII
142,SNY
143,STZ
144,SPGI
145,SNDR
146,SMPL
147,SMRT
148,SIRI
149,SNA
150,SN
151,STWD
152,SKYT
153,SPOT
154,RVLV
155,SR
156,SPHR
157,SNAP
158,SKM
159,RGR
160,RGS
161,RVTY
162,STEL
163,SPNT
164,SLM
165,SLDB
166,SMAR
167,SOFI
168,SVCO
169,SMCI
170,SJW
171,SOLV
172,SNRE
173,SITC
174,SJT
175,SPOK
176,SLB
177,SJM
178,SPNS
179,SNDA
180,SON
181,SKT
182,SONO
183,SLG
184,SKYW
185,SRRK
186,SWX
187,SWTX
188,SUPV
189,SNBR
190,SMMT
191,STAG
192,SLNO
193,SD
194,SDGR
195,SSP
196,SSL
197,SDA
198,SONY
199,SIMO
200,STEM
201,STEP
202,SFIX
203,SNX
204,SLP
205,SHLS
206,STE
207,RXST
208,SSTK
209,STKS
210,RYAAY
211,RS
212,RRGB
213,RYAM
214,RJF
215,RDW
216,RDY
217,SKX
218,SNPS
219,SOL
220,SMG
221,SAN
222,SAP
223,SMLR
224,SARO
225,RUN
226,RNG
227,RVT
228,SRE
229,SPT
230,SPWH
231,SPH
232,SIBN
233,SSRM
234,RGA
235,REI
236,RF
237,RSG
238,RRX
239,RSI
240,SUM
241,SVRA
242,SUPN
243,SG
244,SIG
245,SQNS
246,SRTS
247,SXT
248,SF
249,SPXC
250,SWKS
251,STVN
252,RVMD
253,SQM
254,SMTC
255,SNV
256,SCVL
257,STRA
258,STLD
259,RGNX
260,RGLD
261,RYI
262,RGC
263,RDNT
264,STLA
265,STAA
266,STGW
267,STM
268,STNE
269,SASR
270,SIGI
271,SEM
272,SERV
273,STC
274,SDST
275,SES
276,SWI
277,SWIM
278,SWK
279,SWBI
280,STT
281,SHEN
282,SHCO
283,SHW
284,SATX
285,SHEL
286,STNG
287,SSYS
288,SST
289,SQ
290,SRG
291,SRI
292,SSB
293,SRAD
294,STRO
295,STOK
296,SUI
297,SU
298,SOHU
299,SVC
300,PUMP
301,PRGO
302,SGMO
303,SPRY
304,SGML
305,SND
306,SNDX
307,SPG
308,SPCE
309,SSSS
310,SSD
311,SPR
312,SNOW
313,SPTN
314,SM
315,SLGN
316,SNCR
317,SLS
318,SPIR
319,SGMT
320,SEDG
321,REKR
322,REZI
323,RXT
324,RKLB
325,QURE
326,RGLS
327,PTY
328,RDWR
329,RIG
330,RMR
331,RKT
332,RLJ
333,RLX
334,RIVN
335,RNST
336,SABR
337,SABA
338,RIGL
339,REVG
340,RYN
341,RRR
342,REXR
343,RTX
344,RTO
345,RMAX
346,RBRK
347,RNR
348,RBOT
349,RCAT
350,RWT
351,RELY
352,R
353,RELX
354,ROG
355,ROIC
356,ROIV
357,RMTI
358,ROKU
359,SBGI
360,PECO
361,ROCK
362,PEN
363,PPL
364,PENG
365,RITM
366,POWL
367,POST
368,POWI
369,PRKS
370,PRME
371,PRM
372,SBH
373,SCCO
374,RXO
375,RNAC
376,RXRX
377,PRLB
378,SA
379,SBS
380,RGP
381,ROAD
382,RY
383,RYTM
384,SAVA
385,PRTA
386,PHI
387,PPBI
388,POR
389,PRU
390,RPAY
391,REAL
392,RQI
393,SBAC
394,SB
395,RHP
396,RH
397,REX
398,RICK
399,RHI
400,RUSHA
401,SFL
402,SHOO
403,SIEB
404,SHYF
405,SILV
406,SIFY
407,PLTR
408,SBCF
409,SANM
410,SDRL
411,REGN
412,RNP
413,RGEN
414,REPX
415,RBBN
416,REYN
417,RA
418,RMD
419,ROK
420,SAND
421,SANA
422,SE
423,RNA
424,RCON
425,RNW
426,REFR
427,ROL
428,RL
429,SCI
430,SCHL
431,SAGE
432,SAFE
433,SBRA
434,SBLK
435,SDIG
436,RIOT
437,RILY
438,RLAY
439,SEI
440,SFNC
441,SHOP
442,SHO
443,SHAK
444,SGRY
445,RCL
446,SAIC
447,SAH
448,SAIA
449,SCPH
450,STR
451,STRL
452,SEIC
453,SHC
454,RBA
455,RMBS
456,RPD
457,RMBL
458,RLI
459,RUM
460,RDN
461,RPM
462,SFM
463,SUZ
464,SVV
465,ROOT
466,ROP
467,ROST
468,STX
469,SCLX
470,SEAT
471,SCS
472,RVNC
473,SEMR
474,SEER
475,SEE
476,PRAX
477,PSX
478,PMVP
479,PMT
480,PYPL
481,QGEN
482,RYAN
483,SAM
484,PVH
485,PLXS
486,PTC
487,PSFE
488,PLYM
489,PRIM
490,PNTG
491,PRPL
492,PRO
493,PROK
494,RPRX
495,RPTX
496,RRC
497,RSKD
498,QNCX
499,QNST
500,PTGX
501,PSA
502,PTEN
503,PRAA
504,PUBM
505,PRG
506,PPC
507,PSQH
508,PSTG
509,PSN
510,PLTK
511,PRLD
512,PLUG
513,PHK
514,QXO
515,RCEL
516,QLYS
517,QMCO
518,PNNT
519,PPTA
520,SCHW
521,SBSW
522,PNR
523,PRQR
524,PODD
525,PTLO
526,PRTS
527,PRVA
528,RAMP
529,PUK
530,PSNL
531,PZZA
532,PRI
533,PSEC
534,PL
535,PR
536,PRGS
537,RDUS
538,PEB
539,PENN
540,PTVE
541,PTON
542,TRTX
543,TYRA
544,TOST
545,TRI
546,TRIP
547,TROO
548,TRGP
549,TARA
550,TPG
551,TS
552,TSAT
553,TTEC
554,TSLX
555,UI
556,TSM
557,UONE
558,TITN
559,TKR
560,TIGR
561,TPB
562,TROW
563,TRML
564,TROX
565,TRST
566,TRUP
567,TVTX
568,TTGT
569,TUSK
570,TTEK
571,TSCO
572,TTC
573,TR
574,TSN
575,UMBF
576,UNIT
577,UNH
578,UDR
579,TTI
580,TTMI
581,TU
582,TUYA
583,TRN
584,ULBI
585,TSVT
586,UDMY
587,URI
588,TSE
589,TSEM
590,TOP
591,VBTX
592,UTZ
593,UAL
594,UIS
595,UGI
596,UGP
597,UNFI
598,UAN
599,TWLO
600,TYL
601,TXNM
602,TX
603,SYNA
604,TIMB
605,TNDM
606,TFSL
607,TBBK
608,TAK
609,TBBB
610,TNK
611,TIL
612,TLS
613,TBRG
614,TDG
615,TMHC
616,TCOM
617,TK
618,TIPT
619,TBPH
620,TECH
621,TMCI
622,TFC
623,TASK
624,TGNA
625,TFIN
626,TECK
627,SY
628,TALO
629,TH
630,TFPM
631,TEM
632,SKWD
633,SMR
634,SILA
635,TLSA
636,THC
637,TEX
638,S
639,TCMD
640,TDOC
641,TGT
642,TAL
643,TEAM
644,UUUU
645,UL
646,TISI
647,TME
648,THG
649,TMUS
650,SYM
651,TLRY
652,TER
653,SYK
654,SYY
655,SYF
656,TRIN
657,TAC
658,TALK
659,TDW
660,TGLS
661,TDC
662,TG
663,TEN
664,TD
665,SYRE
666,TEL
667,UPWK
668,VALE
669,TMO
670,UPBD
671,TEVA
672,TEO
673,TERN
674,UPST
675,UVE
676,USAC
677,UMH
678,URGN
679,URBN
680,UPS
681,THO
682,USB
683,UTG
684,U
685,UVV
686,UWMC
687,TDUP
688,UTF
689,USPH
690,UPLD
691,TGS
692,TARS
693,TKO
694,TBI
695,THS
696,TECX
697,TDS
698,TENB
699,THRM
700,TIXT
701,TMDX
702,USFD
703,TOL
704,TILE
705,SITM
706,SLDP
707,TLN
708,TFX
709,SLI
710,SLVM
711,TDY
712,THR
713,THRY
714,TM
715,SKYH
716,SLRN
717,YSG
718,ZUMZ
719,YMM
720,XRX
721,WH
722,ZIM
723,YRD
724,YETI
725,ZTS
726,WYNN
727,WWW
728,WW
729,WPP
730,VERI
731,VSCO
732,VSTA
733,XERS
734,XENE
735,XHR
736,XBIT
737,VOXX
738,VOD
739,VRT
740,WSFS
741,WTW
742,WNS
743,WTS
744,XPER
745,XNCR
746,YEXT
747,WSBC
748,VIK
749,WULF
750,WMS
751,WES
752,WEC
753,WEAV
754,WSC
755,WS
756,WAB
757,VRSK
758,VICR
759,VMD
760,VMI
761,WBTN
762,WMB
763,WLY
764,WRLD
765,WLK
766,X
767,XRAY
768,VKTX
769,WBS
770,XPEL
771,WING
772,WK
773,WFG
774,WGO
775,VLTO
776,WPRT
777,WSM
778,WOOF
779,WTI
780,WKC
781,WST
782,WT
783,XNET
784,XEL
785,WTRG
786,WTTR
787,VST
788,ZVRA
789,WHR
790,VNO
791,VIR
792,VNT
793,VTR
794,ZS
795,WIMI
796,WNC
797,WELL
798,ZURA
799,WM
800,WRB
801,ZBH
802,WDS
803,WOR
804,WOLF
805,WMT
806,YELP
807,ZTO
808,WPM
809,ZUO
810,WU
811,WRBY
812,WGS
813,WHD
814,ZLAB
815,ZEUS
816,ZBRA
817,ZION
818,WIT
819,WBD
820,WD
821,WFRD
822,WPC
823,WOW
824,VRN
825,VERU
826,WMG
827,WIX
828,WKEY
829,WWR
830,XMTR
831,VRRM
832,WSO
833,XOMA
834,VTGN
835,TTWO
836,TPH
837,UA
838,UFCS
839,UBER
840,USNA
841,WVE
842,XPEV
843,WWD
844,VMEO
845,VRSN
846,XOM
847,XPO
848,VRNS
849,VSH
850,XPOF
851,XP
852,W
853,VNDA
854,VRNT
855,VRTX
856,VIRC
857,VIOT
858,VFF
859,VTEX
860,VFC
861,VOYA
862,TPR
863,TNET
864,VRNA
865,VIPS
866,XPRO
867,TRU
868,TRMB
869,TRMD
870,VRE
871,VTLE
872,WRAP
873,VSAT
874,VRA
875,VET
876,VERV
877,VSTM
878,TZOO
879,UBSI
880,VIAV
881,VYGR
882,VNOM
883,VAC
884,VRDN
885,VERX
886,VCTR
887,TPX
888,TRP
889,VICI
890,VAL
891,VEON
892,VREX
893,VECO
894,VC
895,WDAY
896,UCB
897,UAA
898,T
899,VLRS
900,VVX
901,WCC
902,WAT
903,VEEV
904,VEEA
905,WAY
906,VERA
907,ULS
908,VFS
909,TXN
910,WBX
911,VIST
912,VSTS
913,VXRT
914,VANI
915,UE
916,UEIC
917,TXT
918,TXG
919,TWST
920,VITL
921,UFPI
922,ULCC
923,UMAC
924,UHS
925,VMC
926,VZ
927,VVV
928,VLO
929,TWO
930,VNET
931,WDC
932,VTOL
933,TT
934,WAL
935,VTYX
936,VUZI
937,TNGX
938,V
939,VYX
940,WABC
941,VTRS
942,TTD
943,TV
944,TTE
945,ULTA
946,WEN
947,WCN
948,WAFD
949,WBA
950,VTS
951,TW
952,TPC
953,TPIC
954,TYG
955,TRMK
956,VIV
957,TXRH
958,UTHR
959,UNP
960,USM
961,TSLA
962,UNM
963,VTSI
964,TLK
965,TPL
966,TNL
967,TOUR
968,TRS
969,TREE
970,TRUE
971,TRV
972,UTI
973,YOU
974,ZH
975,YY
976,ZJK
977,YALA
978,WFC
979,ZIMV
980,XYF
981,XYL
982,YUM
983,ZNTL
984,ZYME
985,ZYXI
986,ZI
987,ZIP
988,ZK
989,ZGN
990,ZM
991,ZG
992,ZD
993,ZWS
994,YMAB
995,YPF
996,Z
997,YUMC
998,WERN
999,ls
1000,FCX
1001,EVER
1002,FA
1003,FTCI
1004,FTDR
1005,FCEL
1006,EQT
1007,FBK
1008,FWONA
1009,FBMS
1010,HIW
1011,HALO
1012,HAL
1013,ESPR
1014,GVA
1015,HOV
1016,EVGO
1017,ERO
1018,HIMS
1019,HEPS
1020,HEI
1021,HIPO
1022,HNRG
1023,GLRE
1024,FFIE
1025,FITB
1026,FET
1027,HLT
1028,FCPT
1029,GWH
1030,GTES
1031,EXFY
1032,FG
1033,FHB
1034,ESTC
1035,HAS
1036,HIG
1037,GLUE
1038,GLPI
1039,GLP
1040,HL
1041,GWW
1042,GXO
1043,HOLX
1044,FDX
1045,HI
1046,HLIT
1047,HNST
1048,FORR
1049,FICO
1050,FATE
1051,FLYW
1052,FELE
1053,FNKO
1054,FOXA
1055,EPAM
1056,ESAB
1057,HOPE
1058,EVCM
1059,ETY
1060,ET
1061,ERJ
1062,EXPI
1063,ESNT
1064,ESE
1065,EPIX
1066,ETNB
1067,FCF
1068,FHI
1069,FLNG
1070,ESEA
1071,FLR
1072,FBIO
1073,FPF
1074,EVRG
1075,ERAS
1076,EVC
1077,EVT
1078,F
1079,GPC
1080,GBX
1081,GCI
1082,GB
1083,GENI
1084,GILT
1085,GILD
1086,GEN
1087,GPCR
1088,GFF
1089,GFI
1090,GSL
1091,GFL
1092,GCT
1093,GIB
1094,GRAL
1095,GPRK
1096,HBAN
1097,GCO
1098,GRBK
1099,GL
1100,HCC
1101,GRMN
1102,GSM
1103,GTN
1104,GPI
1105,GMRE
1106,GO
1107,G
1108,HAIN
1109,HAFC
1110,GOOS
1111,GIS
1112,GBDC
1113,HELE
1114,HCA
1115,HCAT
1116,GLSI
1117,GOLF
1118,GOLD
1119,GMS
1120,GS
1121,HDB
1122,GRPN
1123,HCSG
1124,GT
1125,GTY
1126,GME
1127,GLW
1128,HII
1129,GSK
1130,GSHD
1131,GBIO
1132,HFWA
1133,GSBD
1134,GSAT
1135,GTLS
1136,GTLB
1137,GM
1138,HDSN
1139,GLPG
1140,HCM
1141,HCP
1142,GKOS
1143,GMAB
1144,GOSS
1145,GDRX
1146,GMED
1147,HBI
1148,GWRE
1149,GYRE
1150,GPMT
1151,GLBE
1152,GLDD
1153,HBNC
1154,GOOGL
1155,HASI
1156,GOOG
1157,HHH
1158,HEI.A
1159,GOGO
1160,GDOT
1161,GLOB
1162,GNRC
1163,GRFS
1164,GRVY
1165,GNL
1166,GDS
1167,GNK
1168,GNLX
1169,GRWG
1170,GOCO
1171,GNW
1172,GOTU
1173,HAE
1174,GOF
1175,GOGL
1176,HEES
1177,GHY
1178,FYBR
1179,HAYW
1180,GLO
1181,HROW
1182,HKD
1183,HTGC
1184,HLF
1185,HON
1186,HSAI
1187,HOOD
1188,HPP
1189,HNI
1190,HR
1191,IDXX
1192,HTZ
1193,HSII
1194,HLI
1195,HLLY
1196,HLMN
1197,HLNE
1198,HUT
1199,HURN
1200,HUMA
1201,HUYA
1202,HPK
1203,HWC
1204,IHG
1205,HOUS
1206,HVT
1207,ICHR
1208,HST
1209,HSY
1210,ICLK
1211,IART
1212,HUM
1213,HTLF
1214,HTLD
1215,HRTX
1216,HUBB
1217,HYLN
1218,HUBG
1219,GIII
1220,ICLR
1221,ICL
1222,HRTG
1223,HUN
1224,IEP
1225,HURA
1226,H
1227,HPQ
1228,HP
1229,GEF
1230,GIC
1231,GH
1232,HTH
1233,HTHT
1234,GGB
1235,GGG
1236,GIL
1237,GGAL
1238,GFS
1239,IDYA
1240,ICUI
1241,IGD
1242,ICE
1243,IBKR
1244,IBN
1245,IFN
1246,IBOC
1247,IBM
1248,IDA
1249,GEO
1250,HRMY
1251,HQY
1252,HRL
1253,HRI
1254,HRB
1255,ICAD
1256,IAC
1257,IAG
1258,GRND
1259,IEX
1260,HUBS
1261,HZO
1262,IDCC
1263,ILMN
1264,GE
1265,IBTA
1266,IBRX
1267,IAS
1268,IONS
1269,HWM
1270,INFY
1271,IMCR
1272,INGN
1273,INFA
1274,IIIN
1275,ING
1276,IIPR
1277,JAMF
1278,JAZZ
1279,JBGS
1280,HXL
1281,INDV
1282,IOVA
1283,IMOS
1284,IMNM
1285,IMUX
1286,IMXI
1287,ITOS
1288,IMMR
1289,IE
1290,INBX
1291,INVH
1292,JBI
1293,JBLU
1294,JBL
1295,ISSC
1296,IPAR
1297,IPGP
1298,ITRI
1299,ITGR
1300,ITCI
1301,IRM
1302,IPWR
1303,JELD
1304,INTA
1305,INSM
1306,HMC
1307,INOD
1308,IRBT
1309,IOSP
1310,ITT
1311,IOT
1312,JEF
1313,HGTY
1314,IPI
1315,IVR
1316,IVZ
1317,IVT
1318,INVZ
1319,INN
1320,INNV
1321,HPE
1322,ISPO
1323,IR
1324,ISD
1325,INTC
1326,INVA
1327,JBHT
1328,INSE
1329,INSG
1330,IRDM
1331,IREN
1332,IQ
1333,IQV
1334,JANX
1335,JACK
1336,JAKK
1337,INVE
1338,HMST
1339,HMN
1340,HG
1341,HGV
1342,HMY
1343,INSP
1344,HSBC
1345,HE
1346,HES
1347,HESM
1348,HLX
1349,HPH
1350,HLIO
1351,IRT
1352,IRTC
1353,ISRG
1354,JD
1355,IRON
1356,IT
1357,ITW
1358,HOG
1359,HOMB
1360,MDIA
1361,MGA
1362,MSB
1363,NEE
1364,MMC
1365,NEP
1366,NGG
1367,NFJ
1368,NFLX
1369,MSTR
1370,NEO
1371,MYGN
1372,MIR
1373,LNC
1374,MU
1375,MSCI
1376,MBI
1377,MAX
1378,MTX
1379,MTTR
1380,MTUS
1381,MRUS
1382,LMND
1383,NCLH
1384,MX
1385,MMYT
1386,MXL
1387,MSGE
1388,MTN
1389,MPW
1390,MTG
1391,NGL
1392,NDAQ
1393,NCMI
1394,MYRG
1395,NAD
1396,NE
1397,NMIH
1398,NFE
1399,NFG
1400,LFMD
1401,MTW
1402,LDOS
1403,LILAK
1404,LMT
1405,LIF
1406,LEVI
1407,LOMA
1408,LOGC
1409,LOGI
1410,MSEX
1411,NBXG
1412,META
1413,METC
1414,NEA
1415,LTC
1416,MTD
1417,MTCH
1418,NGS
1419,MXCT
1420,LVS
1421,MASS
1422,LUNG
1423,LRN
1424,LU
1425,LRMR
1426,LSPD
1427,MTA
1428,M
1429,MOV
1430,MYTE
1431,MNST
1432,MORN
1433,LYV
1434,MRAM
1435,MP
1436,MQ
1437,NGNE
1438,NG
1439,NGVT
1440,MAT
1441,LENZ
1442,LESL
1443,LEU
1444,NEUE
1445,NESR
1446,MOS
1447,NEGG
1448,NBHC
1449,NA
1450,MPC
1451,MPLX
1452,MPLN
1453,MKSI
1454,NBR
1455,NCNO
1456,NARI
1457,MTDR
1458,MAC
1459,MNRO
1460,MRVI
1461,MRVL
1462,MIRM
1463,LYEL
1464,LPX
1465,NET
1466,NEU
1467,LGIH
1468,MAA
1469,LTH
1470,NGD
1471,MO
1472,MAPS
1473,LUNR
1474,LPRO
1475,NDSN
1476,LTBR
1477,MVIS
1478,NBIX
1479,NATL
1480,MKC
1481,MTAL
1482,LXRX
1483,MTRN
1484,NAK
1485,MT
1486,NL
1487,LSCC
1488,LH
1489,MRNA
1490,NEON
1491,NEM
1492,NEOG
1493,MTRX
1494,LYFT
1495,LULU
1496,LYG
1497,NEWT
1498,LPA
1499,LLYVK
1500,LUV
1501,MCB
1502,LPG
1503,LPLA
1504,KNF
1505,KNSL
1506,KNSA
1507,KEY
1508,LUMN
1509,LYTS
1510,LILA
1511,MCW
1512,MCS
1513,LX
1514,LYB
1515,MANH
1516,MANU
1517,KTOS
1518,KT
1519,LAUR
1520,KMX
1521,KMT
1522,LBRDA
1523,KMPR
1524,KMDA
1525,LBTYK
1526,LB
1527,LOPE
1528,KTB
1529,LOW
1530,MDT
1531,MCRI
1532,MCY
1533,MET
1534,MCHP
1535,MA
1536,MAXN
1537,MDU
1538,MC
1539,LZB
1540,MAGN
1541,L
1542,LZ
1543,MAG
1544,LOB
1545,LKFN
1546,LI
1547,LSAK
1548,LDI
1549,MAN
1550,LEE
1551,LEA
1552,LECO
1553,MCHX
1554,MAS
1555,LNG
1556,KVUE
1557,LWLG
1558,LXEO
1559,MDLZ
1560,LRCX
1561,LOAR
1562,JRVR
1563,JOBY
1564,LC
1565,LXU
1566,MATW
1567,LTM
1568,LNN
1569,LNT
1570,LQDT
1571,MED
1572,MD
1573,MEDP
1574,MAIN
1575,LSTR
1576,LFST
1577,LNW
1578,LOCO
1579,MATX
1580,KYMR
1581,LOVE
1582,LQDA
1583,LW
1584,LPL
1585,LPSN
1586,LLY
1587,LASE
1588,LASR
1589,KVHI
1590,KVYO
1591,KOPN
1592,LNTH
1593,KSPI
1594,LADR
1595,KRON
1596,KC
1597,KURA
1598,LIN
1599,JSPR
1600,KALV
1601,KALU
1602,IDT
1603,LGF.A
1604,KDP
1605,J
1606,KEYS
1607,JYNT
1608,KKR
1609,LIND
1610,LINE
1611,JPM
1612,INMD
1613,INFN
1614,INMB
1615,LE
1616,LFCR
1617,LAW
1618,JLL
1619,KRG
1620,KREF
1621,JKS
1622,JNPR
1623,KRC
1624,LXP
1625,MAR
1626,MASI
1627,KLC
1628,LKQ
1629,IFF
1630,LIVN
1631,IMVT
1632,LAD
1633,LCID
1634,LII
1635,LGND
1636,LAZ
1637,LINC
1638,LAZR
1639,KB
1640,KINS
1641,LEN
1642,LEGN
1643,KIND
1644,KIM
1645,KLTR
1646,KMB
1647,KRYS
1648,INDB
1649,INDI
1650,KYTX
1651,KYN
1652,KAR
1653,JWN
1654,KO
1655,KMI
1656,JXN
1657,JCI
1658,KEP
1659,LEG
1660,LHX
1661,LFUS
1662,KNDI
1663,LAND
1664,KR
1665,KOSS
1666,JOE
1667,KBR
1668,LBTYA
1669,LBRT
1670,LAB
1671,LAAC
1672,LBRDK
1673,LAC
1674,INTU
1675,IH
1676,INSW
1677,INVX
1678,INCY
1679,JHG
1680,KELYA
1681,KRNT
1682,KROS
1683,KSS
1684,KPTI
1685,JMIA
1686,LAKE
1687,KNTK
1688,JILL
1689,KOS
1690,KOD
1691,KODK
1692,KN
1693,IONQ
1694,IGR
1695,IGMS
1696,JKHY
1697,KGC
1698,KLG
1699,KFY
1700,KGS
1701,KRMD
1702,IIM
1703,IMTX
1704,KEX
1705,INGR
1706,IHRT
1707,KHC
1708,KD
1709,INO
1710,IGT
1711,MEOH
1712,KRO
1713,KRRO
1714,KRP
1715,KNX
1716,KLAC
1717,KLIC
1718,KLXE
1719,IMAX
1720,IMAB
1721,ILPT
1722,MARA
1723,OLLI
1724,PCG
1725,PBR
1726,PBI
1727,OTEX
1728,PAGP
1729,OTIS
1730,OTLY
1731,PAC
1732,PB
1733,OWL
1734,OVV
1735,PCRX
1736,MTZ
1737,MCD
1738,MTB
1739,ORI
1740,ORGO
1741,ORIC
1742,MNDY
1743,MEG
1744,MNOV
1745,MNKD
1746,MNMD
1747,MNSO
1748,MDGL
1749,MDB
1750,PCAR
1751,MCO
1752,MGNI
1753,MESO
1754,MGM
1755,MESA
1756,MITK
1757,MSA
1758,MKFG
1759,MERC
1760,MUR
1761,MUSA
1762,MDXG
1763,MPAA
1764,MOD
1765,MGRC
1766,MYE
1767,MLM
1768,NCTY
1769,MBLY
1770,MODV
1771,MFIC
1772,MPU
1773,MITT
1774,MGNX
1775,MBC
1776,MOMO
1777,MVST
1778,MTLS
1779,MLCO
1780,MRX
1781,MGTX
1782,MUX
1783,MDWD
1784,MLKN
1785,MODG
1786,MS
1787,MSGS
1788,MRC
1789,MRCY
1790,MFC
1791,ML
1792,MLTX
1793,NAMS
1794,MNTK
1795,MEI
1796,MHLD
1797,MHK
1798,MCRB
1799,MIDD
1800,MCK
1801,MGY
1802,MELI
1803,MRSN
1804,MHO
1805,MSM
1806,MSI
1807,MFA
1808,MPWR
1809,NAC
1810,NABL
1811,ME
1812,MKTX
1813,MNPR
1814,MMI
1815,MLI
1816,MMM
1817,MCFT
1818,MGEE
1819,MYPS
1820,MYO
1821,MLNK
1822,NAUT
1823,NAVI
1824,NAT
1825,MRTN
1826,OGE
1827,NN
1828,NTGR
1829,NNE
1830,O
1831,OZK
1832,NOA
1833,NOC
1834,NOAH
1835,OTTR
1836,OUST
1837,NIO
1838,PAA
1839,NWG
1840,NUVB
1841,NTRA
1842,NTLA
1843,NTNX
1844,NNN
1845,OB
1846,NINE
1847,NXT
1848,NVS
1849,NVST
1850,NNBR
1851,ORA
1852,NSSC
1853,NVRI
1854,NVRO
1855,OLED
1856,OSUR
1857,OSW
1858,NVO
1859,OHI
1860,NMRA
1861,OGN
1862,NMR
1863,OBDC
1864,NOK
1865,NKE
1866,NXPI
1867,NVAX
1868,NMZ
1869,PAYC
1870,OBE
1871,NMM
1872,NOV
1873,PAG
1874,PAAS
1875,NVDA
1876,NOTV
1877,NOMD
1878,NHI
1879,NOG
1880,NMRK
1881,NVCR
1882,PATK
1883,OLN
1884,OLMA
1885,OMER
1886,OMF
1887,PARA
1888,PARR
1889,OEC
1890,OIS
1891,OGS
1892,NWSA
1893,PBA
1894,NTB
1895,NIU
1896,PACB
1897,PAX
1898,PACS
1899,NTST
1900,NVTS
1901,PANW
1902,PAM
1903,PAYS
1904,OUT
1905,PARAA
1906,ONDS
1907,NRK
1908,OXM
1909,PAGS
1910,PDSB
1911,PD
1912,OSIS
1913,PBR.A
1914,OSK
1915,PCVX
1916,PCOR
1917,ORMP
1918,ORLY
1919,ORN
1920,PBPB
1921,PBT
1922,PDS
1923,PETS
1924,PBYI
1925,PAY
1926,PAR
1927,PATH
1928,PAYX
1929,PBF
1930,PACK
1931,QFIN
1932,RAIL
1933,QSI
1934,PXLW
1935,RACE
1936,PWR
1937,PWP
1938,QTRX
1939,QSR
1940,QS
1941,PYCR
1942,PEGA
1943,PRCT
1944,RBC
1945,RBLX
1946,RCKT
1947,PFG
1948,PLNT
1949,PGNY
1950,PLBY
1951,PGEN
1952,PHVS
1953,PDCO
1954,PGY
1955,PLAY
1956,OCGN
1957,NWL
1958,NOVA
1959,NUE
1960,RARE
1961,PRCH
1962,PSMT
1963,OPAD
1964,NTAP
1965,ONB
1966,PNC
1967,PDFS
1968,PDM
1969,PNW
1970,QD
1971,QDEL
1972,RCI
1973,QCOM
1974,PINS
1975,PM
1976,QTWO
1977,RDFN
1978,PNFP
1979,REPL
1980,PRDO
1981,NSP
1982,NNI
1983,NNDM
1984,OR
1985,NNOX
1986,OSCR
1987,NVT
1988,QRTEA
1989,QRVO
1990,NWE
1991,NSC
1992,PCT
1993,PCTY
1994,PFGC
1995,PHIN
1996,PFS
1997,NZF
1998,NYT
1999,NKTR
2000,AMRK
2001,ACB
2002,ASND
2003,ARWR
2004,ASUR
2005,ATGL
2006,ATAT
2007,ARL
2008,ATKR
2009,ASH
2010,ATAI
2011,ASO
2012,ASTH
2013,ARMK
2014,ARCT
2015,ASML
2016,ARAY
2017,AUDC
2018,AYI
2019,A
2020,ASRT
2021,AWI
2022,ATEC
2023,ARRY
2024,ARCO
2025,ARR
2026,ARM
2027,AVB
2028,AROC
2029,BAM
2030,BBAR
2031,BBD
2032,BBDC
2033,ASPN
2034,ARQ
2035,ATLX
2036,BAND
2037,AZEK
2038,ANGI
2039,AZN
2040,ARDT
2041,AVO
2042,ASTL
2043,APLS
2044,AMTM
2045,BATRK
2046,BATRA
2047,APTV
2048,AZZ
2049,AXS
2050,BBIO
2051,BAH
2052,BABA
2053,AOD
2054,ANVS
2055,AOS
2056,AUID
2057,AUB
2058,ATOM
2059,ATO
2060,ATUS
2061,AVGO
2062,AVIR
2063,AVPT
2064,ARCC
2065,ARCB
2066,APPF
2067,AQN
2068,AZPN
2069,AZO
2070,ARI
2071,ARHS
2072,ARDX
2073,ARIS
2074,BAK
2075,APD
2076,APPN
2077,APPS
2078,APP
2079,ARBE
2080,ASAN
2081,ARQT
2082,ASTS
2083,ARQQ
2084,AME
2085,AXSM
2086,APT
2087,AZUL
2088,AORT
2089,BA
2090,BANC
2091,AOSL
2092,AB
2093,ATXS
2094,BBN
2095,AXP
2096,BAP
2097,APH
2098,AMSC
2099,APA
2100,AMH
2101,APG
2102,AON
2103,AMN
2104,ANSS
2105,APEI
2106,ATYR
2107,APLD
2108,APLE
2109,API
2110,AWR
2111,ASB
2112,AMCX
2113,ARE
2114,ANIK
2115,ATHM
2116,BAX
2117,AWK
2118,ABR
2119,ALGM
2120,ABNB
2121,ALLK
2122,ABUS
2123,BB
2124,BBY
2125,AVA
2126,AX
2127,AVAV
2128,AXL
2129,BBAI
2130,BBW
2131,ATMU
2132,AUR
2133,ARES
2134,AXON
2135,AVDX
2136,AWF
2137,AZTA
2138,ATSG
2139,BALL
2140,AVBP
2141,BALY
2142,AIV
2143,AIT
2144,ACA
2145,AMWL
2146,AMT
2147,BBVA
2148,AXTA
2149,AVNS
2150,AVNT
2151,AXGN
2152,ARGX
2153,AVTX
2154,AVT
2155,AVY
2156,BAC
2157,AOUT
2158,APAM
2159,AMBI
2160,AMBP
2161,AMBC
2162,ATR
2163,ATRC
2164,ASMB
2165,ASLE
2166,ATRO
2167,AXR
2168,ASIX
2169,APGE
2170,BANR
2171,BBSI
2172,AWP
2173,BARK
2174,BBWI
2175,AJG
2176,AIG
2177,AIRT
2178,AGEN
2179,AGFY
2180,AGI
2181,AGIO
2182,AIN
2183,ABT
2184,ALAR
2185,AIR
2186,AN
2187,ALE
2188,AHR
2189,ALAB
2190,ALB
2191,AGRO
2192,AGNC
2193,AKAM
2194,AGS
2195,AI
2196,BEDU
2197,BERY
2198,BIGZ
2199,BLUE
2200,BEKE
2201,BKSY
2202,BLKB
2203,BIDU
2204,BFAM
2205,BETR
2206,BLMN
2207,BLK
2208,BK
2209,BL
2210,BMBL
2211,BLZE
2212,BMEA
2213,BKU
2214,BNED
2215,BKE
2216,BCO
2217,BLND
2218,BEAM
2219,BMA
2220,BCOV
2221,BKD
2222,BFH
2223,BF.B
2224,BCYC
2225,APO
2226,AVXL
2227,BDTX
2228,BEP
2229,BIRK
2230,BIRD
2231,BIP
2232,ARLP
2233,ARLO
2234,BCC
2235,BECN
2236,BC
2237,ARW
2238,ATEN
2239,AUPH
2240,ATI
2241,AVAL
2242,AS
2243,ASYS
2244,AVDL
2245,ATGE
2246,ASTE
2247,AVD
2248,AR
2249,BEN
2250,ASC
2251,ASGN
2252,AUTL
2253,ARVN
2254,AU
2255,BCRX
2256,BCE
2257,BDN
2258,BDC
2259,BFLY
2260,BCS
2261,AVAH
2262,BURL
2263,BUSE
2264,BRKL
2265,BN
2266,BR
2267,BP
2268,BPOP
2269,BMR
2270,BMY
2271,BRX
2272,BMTX
2273,BYD
2274,BRK.B
2275,BOOT
2276,BZUN
2277,BZH
2278,BHC
2279,BIIB
2280,BHF
2281,BGY
2282,BSAC
2283,BUD
2284,BLBD
2285,BLD
2286,BLDR
2287,BJ
2288,BLNK
2289,BEPC
2290,BCSF
2291,BSM
2292,BYRN
2293,BKR
2294,BIGC
2295,BZ
2296,BHVN
2297,BILI
2298,BE
2299,BROS
2300,BOH
2301,BOKF
2302,BYON
2303,BRSP
2304,BRO
2305,BX
2306,BXC
2307,BXSL
2308,BXMT
2309,BSBR
2310,BRKR
2311,BLFS
2312,BMEZ
2313,BMO
2314,BXP
2315,BTBT
2316,BTI
2317,BRZE
2318,BUR
2319,BWXT
2320,BYND
2321,BVS
2322,BVN
2323,BWIN
2324,BSTZ
2325,BIO
2326,BGS
2327,BWA
2328,BW
2329,BXMX
2330,CACI
2331,BHE
2332,BILL
2333,BLCO
2334,BKKT
2335,BKNG
2336,BHR
2337,BIPC
2338,CAMT
2339,BHP
2340,BLDE
2341,BLTE
2342,BG
2343,BLX
2344,BKH
2345,BJRI
2346,BLDP
2347,CART
2348,CARR
2349,CARG
2350,CARS
2351,CDMO
2352,CECO
2353,CAH
2354,CDXC
2355,CDXS
2356,CDTX
2357,CDW
2358,CBT
2359,CAG
2360,CAKE
2361,B
2362,CCSI
2363,CCS
2364,CDNA
2365,BSX
2366,CASY
2367,CABA
2368,CCOI
2369,BTT
2370,CCI
2371,CEVA
2372,CALX
2373,CDP
2374,CDNS
2375,CENTA
2376,CDRE
2377,CBRE
2378,BYSI
2379,CBRL
2380,CBSH
2381,CBZ
2382,CBU
2383,CCEP
2384,CCL
2385,CCCS
2386,CCCC
2387,BNL
2388,BNR
2389,BNS
2390,CELC
2391,CAN
2392,CANG
2393,CELU
2394,CEG
2395,CELH
2396,BRY
2397,BRCC
2398,BTDR
2399,CAPR
2400,BRDG
2401,BRFS
2402,BSY
2403,CAMP
2404,CAL
2405,CCRN
2406,CCU
2407,CAT
2408,CAAS
2409,CFR
2410,CFLT
2411,CERS
2412,BTZ
2413,BOOM
2414,BRC
2415,CBOE
2416,CFFN
2417,CATY
2418,CDE
2419,CATX
2420,CE
2421,CC
2422,CATO
2423,CAVA
2424,CEPU
2425,CERT
2426,CCJ
2427,CCK
2428,CFG
2429,CFB
2430,BNTX
2431,CALM
2432,BRBR
2433,CENT
2434,CASH
2435,CAR
2436,BPMC
2437,BOX
2438,CLFD
2439,CMTL
2440,CLDX
2441,CIG
2442,CHT
2443,CGBD
2444,CMPS
2445,CG
2446,CNDT
2447,CLS
2448,CLSD
2449,CORZ
2450,COGT
2451,CF
2452,CLF
2453,CHDN
2454,CLOV
2455,CLB
2456,CHSN
2457,CLX
2458,CHKP
2459,CIB
2460,CLVT
2461,CLPT
2462,CLM
2463,CHTR
2464,CGEM
2465,CHPT
2466,COCO
2467,CLMT
2468,CLAR
2469,CDLX
2470,CADE
2471,CNXC
2472,CMI
2473,COOP
2474,COMP
2475,CHWY
2476,CHX
2477,CNO
2478,CGNT
2479,COO
2480,CMC
2481,CHRW
2482,CM
2483,BTU
2484,CAPL
2485,BTSG
2486,CLBT
2487,CHGG
2488,CGNX
2489,CNP
2490,CMCSA
2491,CNI
2492,CORT
2493,COP
2494,BV
2495,CCO
2496,CHH
2497,COMM
2498,CMPO
2499,CMPR
2500,CNX
2501,CMTG
2502,CNC
2503,CMS
2504,CNA
2505,CADL
2506,CAF
2507,CQP
2508,CPF
2509,CODI
2510,COR
2511,CMCM
2512,CMA
2513,CMBT
2514,CON
2515,CNTA
2516,CNS
2517,COF
2518,CHEF
2519,CMRX
2520,CMRE
2521,COHR
2522,COTY
2523,CNQ
2524,COLL
2525,CODA
2526,COOK
2527,COIN
2528,COLB
2529,COLM
2530,COLD
2531,COST
2532,CL
2533,CLW
2534,CMP
2535,CNH
2536,DRTS
2537,DRVN
2538,DCTH
2539,DSGN
2540,DOX
2541,DRI
2542,DSX
2543,DRS
2544,CIFR
2545,CHCT
2546,DY
2547,D
2548,DDD
2549,DXYZ
2550,DESP
2551,CIEN
2552,CLLS
2553,CNK
2554,EBS
2555,EAT
2556,DOMO
2557,CHRD
2558,DORM
2559,DTM
2560,DOLE
2561,EAF
2562,DVN
2563,DVA
2564,EBAY
2565,EA
2566,CIVI
2567,DLTR
2568,DXCM
2569,DLTH
2570,DUOL
2571,DUK
2572,DOCN
2573,DOC
2574,EDIT
2575,EC
2576,DXC
2577,DTC
2578,DXPE
2579,DXLG
2580,CLSK
2581,CNMD
2582,CIO
2583,CLDT
2584,DOGZ
2585,CNNE
2586,CNM
2587,CLH
2588,ECL
2589,CMG
2590,CIM
2591,CGC
2592,CINF
2593,CLNE
2594,CGON
2595,CHRS
2596,CI
2597,CHE
2598,CSGS
2599,CUE
2600,DAR
2601,DAC
2602,CRNC
2603,CRM
2604,CRI
2605,CTSH
2606,CUZ
2607,CRON
2608,DAVA
2609,DCI
2610,CWST
2611,DAO
2612,DAN
2613,CW
2614,CVX
2615,CRK
2616,CYD
2617,CPB
2618,CSTM
2619,DG
2620,CSWC
2621,DGII
2622,CRMT
2623,CSTL
2624,CVGI
2625,DNOW
2626,DNTH
2627,DLX
2628,CTS
2629,DNB
2630,DNA
2631,DAWN
2632,DBD
2633,DAVE
2634,CSV
2635,DLR
2636,DM
2637,CVGW
2638,CVAC
2639,DAKT
2640,DFH
2641,CTKB
2642,CTMX
2643,CTLP
2644,CPA
2645,DENN
2646,CTAS
2647,CRCT
2648,CRDF
2649,CPT
2650,DFIN
2651,CPAY
2652,DTE
2653,DHI
2654,DHR
2655,CRTO
2656,DIS
2657,DJTWW
2658,CYBN
2659,DOCS
2660,DEO
2661,CRBP
2662,CVBF
2663,CTVA
2664,CUBE
2665,DHC
2666,CRBU
2667,DJT
2668,DE
2669,DAL
2670,CX
2671,CYBR
2672,CPS
2673,CPRI
2674,CPRT
2675,DKS
2676,CPNG
2677,CPRX
2678,CTO
2679,DLB
2680,DK
2681,CTSO
2682,CRBG
2683,DKL
2684,DINO
2685,DH
2686,DNLI
2687,CP
2688,DFS
2689,DGX
2690,DLO
2691,DNN
2692,DT
2693,DRUG
2694,DRH
2695,DOW
2696,DOV
2697,DKNG
2698,DNUT
2699,DOYU
2700,DECK
2701,DEI
2702,DEC
2703,DELL
2704,DIN
2705,EFR
2706,EOG
2707,EMR
2708,EDU
2709,EH
2710,EHTH
2711,ENVA
2712,CVRX
2713,CTRE
2714,CTRA
2715,CTRI
2716,ESI
2717,EFX
2718,ERIC
2719,EGAN
2720,DYN
2721,DV
2722,EQC
2723,ECPG
2724,CVEO
2725,CWAN
2726,CRDO
2727,CWEN.A
2728,CR
2729,DDS
2730,CZR
2731,EBR
2732,EBC
2733,DEA
2734,ERII
2735,ERIE
2736,CRGY
2737,CWK
2738,DASH
2739,COUR
2740,DBRG
2741,CXT
2742,C
2743,CXM
2744,DB
2745,EOLS
2746,EPD
2747,EQX
2748,CUBI
2749,EPRT
2750,EPAC
2751,EQNR
2752,ENR
2753,ENPH
2754,ENOV
2755,EPC
2756,CSIQ
2757,CSTE
2758,ELS
2759,ENLC
2760,CSGP
2761,CSAN
2762,CSCO
2763,CRSP
2764,CRNX
2765,CRGX
2766,CRC
2767,CWH
2768,DAY
2769,DBX
2770,DCOM
2771,DCGO
2772,CURV
2773,CURB
2774,CVE
2775,CURI
2776,CSQ
2777,CSR
2778,CSL
2779,DHX
2780,CVNA
2781,CVLT
2782,CYH
2783,CRH
2784,CYTK
2785,CRMD
2786,CRVS
2787,CWEN
2788,CRWD
2789,CSBR
2790,CRNT
2791,DBVT
2792,CVI
2793,DD
2794,DDOG
2795,DBI
2796,CYRX
2797,CXW
2798,CROX
2799,CRF
2800,CWT
2801,DADA
2802,CULP
2803,CRSR
2804,CUK
2805,FOXF
2806,FTNT
2807,FSS
2808,FTK
2809,EXP
2810,GATX
2811,FTV
2812,FTRE
2813,FLNC
2814,FCFS
2815,FSK
2816,FSLR
2817,FSLY
2818,FTEL
2819,FWRG
2820,FIHL
2821,FREY
2822,FRGE
2823,EXTR
2824,FN
2825,DSL
2826,DSGX
2827,GCMG
2828,FUBO
2829,FERG
2830,FTAI
2831,FHN
2832,FHTX
2833,FAST
2834,FATBB
2835,GDEN
2836,GETY
2837,FUL
2838,FULT
2839,FARO
2840,EDD
2841,FIBK
2842,FRPT
2843,FRSH
2844,FOUR
2845,FOSL
2846,FOR
2847,ED
2848,FNA
2849,FWRD
2850,GBCI
2851,GD
2852,FUN
2853,GAMB
2854,FE
2855,FL
2856,FFIN
2857,FF
2858,GAIA
2859,EXLS
2860,EXK
2861,FMC
2862,FROG
2863,EXG
2864,FNF
2865,FNB
2866,FND
2867,FVRR
2868,EG
2869,EHAB
2870,EHC
2871,ENB
2872,FFIV
2873,EEFT
2874,FONR
2875,FOLD
2876,GEHC
2877,EGP
2878,FRO
2879,GDDY
2880,FFWM
2881,DSP
2882,ELF
2883,EMN
2884,GERN
2885,GEVO
2886,FTS
2887,GATO
2888,GEL
2889,EIX
2890,EIM
2891,ELME
2892,ELP
2893,EQH
2894,EL
2895,EQR
2896,EDR
2897,EGHT
2898,GDYN
2899,DX
2900,EQIX
2901,ECAT
2902,EB
2903,DRD
2904,DQ
2905,EGO
2906,EGBN
2907,ECG
2908,ENVX
2909,EIG
2910,EMD
2911,FUTU
2912,ELV
2913,EFC
2914,ENSG
2915,ELAN
2916,EOSE
2917,ECVT
2918,ELDN
2919,EEX
2920,EE
2921,ELVN
2922,GAN
2923,EMBC
2924,GEV
2925,ENFN
2926,FULC
2927,FWONK
2928,GGN
2929,ETR
2930,EVH
2931,ESS
2932,ETG
2933,E
2934,FMX
2935,ESTA
2936,FLO
2937,FIGS
2938,FCN
2939,ETWO
2940,ENS
2941,ENTA
2942,EZPW
2943,EVR
2944,FNV
2945,FOX
2946,FTI
2947,FSP
2948,FANG
2949,FLGT
2950,EW
2951,FLS
2952,EYE
2953,EYPT
2954,ESRT
2955,FORM
2956,FMS
2957,ES
2958,ETSY
2959,EVRI
2960,EXPO
2961,EXR
2962,ETD
2963,ETV
2964,EXE
2965,EXAS
2966,EVTL
2967,EPR
2968,EVTC
2969,FFC
2970,FLG
2971,FLL
2972,EXEL
2973,FDMT
2974,FI
2975,EWTX
2976,FLEX
2977,EXC
2978,FRT
2979,EWBC
2980,FR
2981,EWCZ
2982,FIX
2983,FBP
2984,FBRX
2985,FBRT
2986,EXPE
2987,EXPD
2988,FBIN
2989,FGEN
2990,FBNC
2991,EVV
2992,FLUT
2993,FRHC
2994,FPI
2995,FIVN
2996,FIVE
2997,FIZZ
2998,FDP
2999,FDS
3000,MSFT
3001,AMGN
3002,ALC
3003,ALK
3004,ALEC
3005,AMLX
3006,ACAD
3007,ANET
3008,AMD
3009,ANDE
3010,AMC
3011,ANF
3012,ALVO
3013,AMPX
3014,ALXO
3015,AKRO
3016,ALEX
3017,ALTO
3018,AHCO
3019,AGYS
3020,AG
3021,AHH
3022,AMG
3023,ALRM
3024,AMPH
3025,AEVA
3026,AMPS
3027,AMRC
3028,AMPL
3029,ALSN
3030,ALKT
3031,ANRO
3032,AMP
3033,ALHC
3034,ALGS
3035,AMED
3036,ALGT
3037,AEM
3038,ALTR
3039,ALTS
3040,AMBA
3041,ALNY
3042,ADNT
3043,ADPT
3044,ACLS
3045,AFYA
3046,AGL
3047,AGCO
3048,AFG
3049,AFL
3050,AGO
3051,ADT
3052,ADVM
3053,ADV
3054,AGM
3055,AESI
3056,AEG
3057,AEO
3058,ADM
3059,ADMA
3060,ADI
3061,ACHC
3062,AEIS
3063,AEP
3064,AES
3065,AEE
3066,AFRM
3067,AAP
3068,AAL
3069,ACN
3070,ACRS
3071,ACRE
3072,ADSK
3073,ADTN
3074,AEHR
3075,AMRN
3076,ALDX
3077,ALLO
3078,AER
3079,ACI
3080,AMKR
3081,AIZ
3082,ADX
3083,AAOI
3084,AAON
3085,ACHV
3086,ACIC
3087,ACIU
3088,ACIW
3089,ACTG
3090,ADC
3091,ADBE
3092,ACGL
3093,ADP
3094,ACCO
3095,ACET
3096,ACEL
3097,ACDC
3098,ACCD
3099,ACHR
3100,AA
3101,AAT
3102,ADEA
3103,ADCT
3104,ACM
3105,ACNT
3106,ACLX
3107,ALLE
3108,ANNX
3109,AMZN
3110,ACT
3111,ACRV
3112,ABM
3113,AAPL
3114,AL
3115,AMAT
3116,AGX
3117,ACMR
3118,ADAP
3119,AISP
3120,ALKS
3121,AIRE
3122,AKR
3123,AMRX
3124,ACVA
3125,ABG
3126,ABCB
3127,ABCL
3128,ABEO
3129,AM
3130,ALLT
3131,AMX
3132,ALV
3133,ANIP
3134,AMTX
3135,AKBA
3136,AIRG
3137,ALLY
3138,ANGO
3139,ABBV
3140,ALL
3141,ALIT
3142,ALGN
3143,ANAB
3144,ALTG
3145,AADI
3146,ALT
3147,AMR
